pablo/pablo@live.com/admin/11/aa1
juan/juan@live.com/user/22/bb2
yamila/yamila@live.com/user/33/cc3
axel/axel@live.com/user/44/dd4
facundo/facundo@live.com/user/55/ee5
octa/octa@live.com/user/22/666
